{"delta_width": [0.0, 1.0, 0.5, 0.5, 0.0, 0.0, 0.0, 1.5, 1.0, 1.0, 1.0, 0.5, 0.0, 2.0, 0.0, 2.0, 0.0, 2.0, 1.5, 0.5, 0.0, 0.0, 0.0, 2.0, 2.0, 2.0, 0.0, 0.33333333333333326, 0.0, 0.33333333333333326, 0.0, 0.33333333333333326, 7.0, 2.0, 0.5217391304347827, 6.666666666666667, 1.6666666666666667, 0.18840579710144945, 6.0, 6.666666666666667, 2.2, 7.0, 7.0, 1.0, 1.6666666666666667, 2.8, 2.0, 2.0, 0.4782608695652173, 0.18840579710144945, 4.278260869565218, 0.5217391304347827, 0.5217391304347827, 0.022222222222222365], "delta_position": [0.0, 29.769951293208393, 29.841246622753548, 0.5, 75.44037380607283, 71.36000280269053, 0.0, 29.706901555025897, 105.11898020814318, 100.89598604503551, 29.769951293208393, 0.5, 11.853269591129697, 104.43299287102711, 6.041522986797286, 100.17609495283793, 66.89730936293327, 29.154759474226502, 96.08459814142951, 0.7071067811865476, 8.860022573334675, 12.589678312014172, 96.50129532809392, 88.06957476904269, 83.95981181493917, 2.0615528128088303, 8.5, 12.971121771072847, 4.6097722286464435, 9.013878188659973, 80.7975865976206, 76.36916917185887, 134.94906446507883, 126.37246535539299, 17.72004514666935, 138.04075485160172, 129.83836104942176, 13.341664064126334, 11.926860441876563, 39.15673632978111, 34.61574786134195, 161.04657711357916, 169.05990062696713, 12.806248474865697, 21.0, 16.278820596099706, 154.07871364987443, 162.36378906640482, 153.37535656030275, 140.03213916812098, 137.23337786413333, 12.658988901172163, 21.213203435596427, 20.796634343085422], "delta_theta": [0.0, 1.1071487177940904, 0.7853981633974483, 0.32175055439664213, 5.608444364956034, 0.0, 0.0, 0.7853981633974483, 4.501295647161943, 1.1071487177940904, 1.1071487177940904, 0.32175055439664213, 0.3159702719529802, 2.4668517113662407, 5.924414636909014, 3.141592653589793, 5.924414636909014, 3.141592653589793, 5.139016473511566, 2.356194490192345, 5.924414636909014, 5.924414636909014, 5.924414636909014, 3.141592653589793, 3.141592653589793, 3.141592653589793, 0.7853981633974483, 0.0, 0.7853981633974483, 0.0, 0.7853981633974483, 0.0, 4.3906384259880475, 2.356194490192345, 0.6055446636049702, 5.176036589385496, 3.141592653589793, 0.1798534997924781, 2.0344439357957027, 5.176036589385496, 0.0, 5.176036589385496, 5.176036589385496, 0.0, 3.141592653589793, 2.0344439357957027, 3.141592653589793, 3.141592653589793, 2.961739153797315, 0.1798534997924781, 4.996183089593018, 0.1798534997924781, 0.1798534997924781, 0.04542327942157698], "identifier": ["yes", "no", "no", "yes", "no", "no", "yes", "no", "no", "no", "no", "yes", "yes", "no", "yes", "no", "no", "no", "no", "yes", "yes", "yes", "no", "no", "no", "yes", "yes", "yes", "yes", "yes", "no", "no", "no", "no", "yes", "no", "no", "yes", "yes", "yes", "yes", "no", "no", "no", "yes", "yes", "no", "no", "no", "no", "no", "yes", "yes", "yes"]}