{"delta_width": [1.5, 2.5, 2.357142857142857, 2.25, 1.5, 1.1, 0.6666666666666667, 0.33333333333333326, 0.19047619047619047, 0.08333333333333326, 0.6666666666666667, 1.0666666666666667, 0.11111111111111116, 0.33333333333333326, 0.5555555555555556, 0.4444444444444444, 1.0, 0.0, 0.10000000000000009, 0.8999999999999999, 0.10000000000000009, 0.43333333333333357, 4.0, 3.6666666666666665, 1.0, 2.5, 2.0, 1.0], "delta_position": [86.40891157745247, 66.62769694353842, 17.755280904564703, 11.280514172678478, 10.606601717798213, 5.5901699437494745, 64.48449426024833, 41.743262929483606, 11.045361017187261, 17.564168070250297, 18.82153022471871, 23.194827009486403, 16.070158679988197, 9.617692030835672, 10.606601717798213, 31.579265349276255, 17.066048165876012, 34.66987164671943, 10.111874208078342, 27.202941017470888, 9.86154146165801, 6.576473218982953, 9.055385138137417, 13.038404810405298, 3.1622776601683795, 3.1622776601683795, 4.6097722286464435, 2.0615528128088303], "delta_theta": [3.0309354324158977, 6.172528086005691, 0.054491456240731484, 6.172528086005691, 3.0309354324158977, 0.1343214419529688, 3.070285188804503, 6.211877842394296, 0.09384121262933665, 6.211877842394296, 3.070285188804503, 0.17367119834157396, 6.211877842394296, 6.211877842394296, 6.192525419978841, 0.0, 6.192525419978841, 0.0, 6.192525419978841, 0.0, 3.141592653589793, 0.0, 0.0, 3.141592653589793, 5.176036589385496, 5.176036589385496, 0.7853981633974483, 0.32175055439664213], "identifier": ["no", "no", "yes", "yes", "yes", "yes", "no", "no", "yes", "yes", "yes", "yes", "yes", "yes", "yes", "no", "yes", "no", "yes", "no", "yes", "yes", "yes", "yes", "yes", "yes", "yes", "yes"]}